Query_ID	Target_ID	Optimal_offset	p-value	E-value	q-value	Overlap	Query_consensus	Target_consensus	Orientation
1	KLF4_MOUSE.H11MO.0.A	2	2.53321e-06	0.00134514	0.00116821	7	CCCACCC	GCCACACCCACTCCA	-
1	KLF1_MOUSE.H11MO.0.A	6	2.74908e-06	0.00145976	0.00116821	7	CCCACCC	CCCGGCCCCACCCT	-
1	SALL4_MOUSE.H11MO.0.A	0	3.47975e-06	0.00184775	0.00116821	7	CCCACCC	CCCACCCTCC	-
1	KLF5_MOUSE.H11MO.0.A	2	4.54495e-06	0.00241337	0.00116821	7	CCCACCC	GCCCCACCCTGCCCC	-
1	KLF3_MOUSE.H11MO.0.A	6	1.87316e-05	0.00994648	0.0036699	7	CCCACCC	CCCGGCCCCGCCCCTCCCC	-
1	EGR2_MOUSE.H11MO.0.A	2	2.14167e-05	0.0113723	0.0036699	7	CCCACCC	CCCCCGCCCACGCC	-
1	EGR1_MOUSE.H11MO.0.A	1	5.58606e-05	0.029662	0.00785968	7	CCCACCC	CCCCGCCCCCGCAC	-
1	KLF6_MOUSE.H11MO.0.B	8	6.11564e-05	0.0324741	0.00785968	7	CCCACCC	CCCCCGGCCCCGCCCTTCC	-
1	SP1_MOUSE.H11MO.1.A	2	9.14756e-05	0.0485736	0.01045	7	CCCACCC	GCCCCGCCCCC	-
1	SALL1_MOUSE.H11MO.0.D	6	0.000125412	0.0665937	0.0128941	7	CCCACCC	CCCTGCCCCACCCTCCC	-
1	SP4_MOUSE.H11MO.1.B	4	0.000144196	0.0765679	0.0131818	7	CCCACCC	CGGCCCCGCCCCCTCC	-
1	EGR2_MOUSE.H11MO.1.A	5	0.000153852	0.0816953	0.0131818	7	CCCACCC	CCCCCCCCTCCCACGCCC	-
1	SP3_MOUSE.H11MO.0.B	7	0.000179335	0.095227	0.0141832	7	CCCACCC	CCCCGGCCCCGCCCCCCCCC	-
1	MAZ_MOUSE.H11MO.1.A	2	0.000243115	0.129094	0.0178541	7	CCCACCC	CCCCCTCCCTC	-
1	ZN148_MOUSE.H11MO.0.D	1	0.000707555	0.375712	0.0457524	7	CCCACCC	CCCCTCCCCCACCCC	-
1	SP2_MOUSE.H11MO.1.C	2	0.000712003	0.378073	0.0457524	7	CCCACCC	GCCCCGCCCCCT	-
1	ZIC1_MOUSE.H11MO.0.B	1	0.000820648	0.435764	0.0496319	7	CCCACCC	GACCACCCC	-
1	KLF15_MOUSE.H11MO.0.A	11	0.00111188	0.59041	0.0635096	7	CCCACCC	CCCCCCCCTGCTCCTCCCC	-
1	ZBT17_MOUSE.H11MO.0.A	4	0.00122407	0.64998	0.0640436	7	CCCACCC	CCGCCCCTCCCCCACCCCC	-
1	GLI1_MOUSE.H11MO.0.C	2	0.00124581	0.661527	0.0640436	7	CCCACCC	AGACCACCCAGG	-
1	GLI3_MOUSE.H11MO.0.D	2	0.00136324	0.723881	0.066743	7	CCCACCC	AGACCACCCAGG	-
1	WT1_MOUSE.H11MO.1.A	2	0.00151251	0.803144	0.0706852	7	CCCACCC	CCTCCTCCCAC	-
1	MAZ_MOUSE.H11MO.0.A	13	0.00164619	0.874127	0.0735876	7	CCCACCC	CCCCCCCCCCCCCCCCTCCCCC	-
1	TBX5_MOUSE.H11MO.0.D	1	0.00202417	1.07484	0.0804141	7	CCCACCC	TCACACCT	-
1	SP1_MOUSE.H11MO.0.A	6	0.00202756	1.07664	0.0804141	7	CCCACCC	CCCGGCCCCGCCCCCTCCCCCCCC	-
1	TBX3_MOUSE.H11MO.0.B	1	0.002128	1.12997	0.0804141	7	CCCACCC	TAGCACCTT	-
1	ZN281_MOUSE.H11MO.0.A	1	0.00215979	1.14685	0.0804141	7	CCCACCC	CCCCTCCCCCACCCC	-
1	HTF4_MOUSE.H11MO.0.A	0	0.00227138	1.2061	0.0804141	7	CCCACCC	CCCACCTGCT	-
1	EGR3_MOUSE.H11MO.0.D	-1	0.00232117	1.23254	0.0804141	6	CCCACCC	ACACCCACTCT	-
1	SNAI1_MOUSE.H11MO.0.C	-1	0.00238234	1.26502	0.0804141	6	CCCACCC	CCACCTGG	-
1	SP5_MOUSE.H11MO.1.C	1	0.00242461	1.28747	0.0804141	7	CCCACCC	CTCCTCCCCCTCC	-
1	KLF8_MOUSE.H11MO.0.C	0	0.00250665	1.33103	0.0805371	7	CCCACCC	CACCCCCTG	-
1	WT1_MOUSE.H11MO.0.B	7	0.00300016	1.59308	0.0934722	7	CCCACCC	CCCCCCCTCCTCCCCCGCCC	-
1	E2F4_MOUSE.H11MO.0.A	4	0.0035197	1.86896	0.104895	7	CCCACCC	ATTTCCCGCCCCCT	-
1	SP4_MOUSE.H11MO.0.B	6	0.00357084	1.89612	0.104895	7	CCCACCC	CCCGGCCCCGCCCCCTTCCC	-
1	E2F1_MOUSE.H11MO.0.A	3	0.00409238	2.17305	0.116876	7	CCCACCC	TTTCCCGCCCTC	-
1	SP2_MOUSE.H11MO.0.B	8	0.00441894	2.34646	0.122792	7	CCCACCC	CCCCCGGCCCCGCCCCCCCCCC	-
1	SP5_MOUSE.H11MO.0.C	1	0.00454077	2.41115	0.122857	7	CCCACCC	CTCCTCCCCCTCCCCCTCCCCCCC	-
1	ZEB1_MOUSE.H11MO.0.B	0	0.00467089	2.48024	0.123137	7	CCCACCC	CTCACCTGTC	-
1	GLI2_MOUSE.H11MO.0.D	2	0.00560643	2.97701	0.144105	7	CCCACCC	AGACCACCCAC	-
1	ZN423_MOUSE.H11MO.0.D	-1	0.00587127	3.11764	0.147231	6	CCCACCC	GCACCCTTGGGTGCC	-
1	ITF2_MOUSE.H11MO.0.B	0	0.00738546	3.92168	0.180793	7	CCCACCC	TGCACCTGG	-
1	RREB1_MOUSE.H11MO.0.D	7	0.0100096	5.31512	0.239333	7	CCCACCC	ACCCCAAACCACCCCCCCCCCC	-
1	E2F3_MOUSE.H11MO.0.A	3	0.0105856	5.62097	0.244549	7	CCCACCC	CCTCCCGCCC	-
1	SRBP1_MOUSE.H11MO.0.B	0	0.0109413	5.80985	0.244549	7	CCCACCC	CTCACCCCACC	-
1	E2F7_MOUSE.H11MO.0.C	5	0.0125522	6.66524	0.274584	7	CCCACCC	CCTTTCCCGCCCC	-
1	NR0B1_MOUSE.H11MO.0.D	3	0.0130953	6.95359	0.280496	7	CCCACCC	TCTCCCACGC	-
1	TFDP1_MOUSE.H11MO.0.D	4	0.0140917	7.48267	0.295392	7	CCCACCC	TTTTCCCGCCCCCC	-
1	SNAI2_MOUSE.H11MO.0.A	1	0.0145316	7.71628	0.295392	7	CCCACCC	ATGCACCTGCC	-
1	TBX21_MOUSE.H11MO.0.A	3	0.0146526	7.78055	0.295392	7	CCCACCC	TCTCACACCTCC	-
1	SRBP2_MOUSE.H11MO.0.B	6	0.0166799	8.85701	0.329793	7	CCCACCC	CCTCACCCCACCC	-
1	GLIS3_MOUSE.H11MO.0.D	1	0.0172864	9.1791	0.335337	7	CCCACCC	TACCCCCCAC	-
1	EGR4_MOUSE.H11MO.0.D	2	0.0191607	10.1743	0.364813	7	CCCACCC	GCCCTGCCGCC	-
1	GCM1_MOUSE.H11MO.0.D	0	0.0214813	11.4066	0.401561	7	CCCACCC	AATACCCGCATGTG	-
1	E2F6_MOUSE.H11MO.0.A	4	0.0221745	11.7747	0.407116	7	CCCACCC	CCTTCCCGCCCA	-
1	ARNT2_MOUSE.H11MO.0.D	4	0.0237218	12.5963	0.427883	7	CCCACCC	GCCTCCCACGCC	-
1	IKZF1_MOUSE.H11MO.0.C	-1	0.0245346	13.0279	0.434914	6	CCCACCC	TCTCCCAA	-
1	ZBT7A_MOUSE.H11MO.0.B	0	0.0257918	13.6954	0.44945	7	CCCACCC	GAGACCCCC	-
1	NKX21_MOUSE.H11MO.0.A	-1	0.0276106	14.6613	0.473127	6	CCCACCC	CCACTCAAGA	-
2	SOX2_MOUSE.H11MO.1.A	3	4.65077e-07	0.000246956	0.000481436	7	AACAAAG	CAGAACAAAGGAA	-
2	SOX15_MOUSE.H11MO.0.D	0	2.93369e-06	0.00155779	0.00151844	7	AACAAAG	AACAATG	-
2	SRY_MOUSE.H11MO.0.B	2	1.31596e-05	0.00698777	0.00347008	7	AACAAAG	AAAACAAAA	-
2	SOX9_MOUSE.H11MO.0.A	1	1.34086e-05	0.00711999	0.00347008	7	AACAAAG	GAACAAAGGCCCCTTT	-
2	SOX3_MOUSE.H11MO.0.C	2	1.67898e-05	0.00891539	0.00347608	7	AACAAAG	GGAACAAAGGC	-
2	SOX5_MOUSE.H11MO.0.C	1	2.88205e-05	0.0153037	0.00497237	7	AACAAAG	TAACAATA	-
2	SOX13_MOUSE.H11MO.0.D	1	4.96302e-05	0.0263536	0.00649065	7	AACAAAG	GAACAATG	-
2	FOXQ1_MOUSE.H11MO.0.C	5	5.01608e-05	0.0266354	0.00649065	7	AACAAAG	AAATAAACAATT	-
2	SOX2_MOUSE.H11MO.0.A	7	5.8994e-05	0.0313258	0.00678547	7	AACAAAG	TTTGCATAACAAAGGA	-
2	SOX10_MOUSE.H11MO.0.B	0	8.19906e-05	0.043537	0.00736381	7	AACAAAG	AACAATGCCTCCTTTG	-
2	FOXC1_MOUSE.H11MO.0.C	8	8.24298e-05	0.0437702	0.00736381	7	AACAAAG	CTTAAGTAAACAATG	-
2	SOX4_MOUSE.H11MO.0.A	3	8.5363e-05	0.0453277	0.00736381	7	AACAAAG	GAGAACAAAGGA	-
2	FOXO4_MOUSE.H11MO.0.C	4	9.38207e-05	0.0498188	0.00747084	5	AACAAAG	AATAAACAA	-
2	SOX9_MOUSE.H11MO.1.A	3	0.000176793	0.093877	0.0130723	7	AACAAAG	GAGAACAAAGG	-
2	FOXJ3_MOUSE.H11MO.1.B	2	0.000197912	0.105091	0.0136583	7	AACAAAG	TAAACAAAAACAA	-
2	SOX10_MOUSE.H11MO.1.A	2	0.000234248	0.124386	0.0151555	7	AACAAAG	AGAACAAAGGC	-
2	FOXC2_MOUSE.H11MO.0.D	8	0.000274823	0.145931	0.0167347	7	AACAAAG	TCTGGCAAAACAAAC	-
2	SOX18_MOUSE.H11MO.0.D	7	0.000388968	0.206542	0.0223694	7	AACAAAG	GGAAAAGAACAATGGGTTC	-
2	FOXD1_MOUSE.H11MO.0.D	8	0.000739509	0.392679	0.0387453	7	AACAAAG	CTTAAGTAAACAAAG	-
2	NANOG_MOUSE.H11MO.0.A	8	0.000748574	0.397493	0.0387453	7	AACAAAG	ATTTGCATAACAAAGGA	-
2	FOXJ3_MOUSE.H11MO.0.A	8	0.000978699	0.519689	0.0482441	5	AACAAAG	AAAAAATAAACAA	-
2	GCR_MOUSE.H11MO.1.A	4	0.00139361	0.740009	0.0655743	7	AACAAAG	AAAGAACAGAAT	+
2	FOXO3_MOUSE.H11MO.0.B	4	0.0014781	0.784871	0.0665258	6	AACAAAG	TGTAAACAGG	-
2	PO5F1_MOUSE.H11MO.0.A	8	0.00172346	0.915157	0.0713994	7	AACAAAG	ATTTGCATAACAATGG	-
2	FOXA2_MOUSE.H11MO.0.A	6	0.00172433	0.915619	0.0713994	7	AACAAAG	AAAGTAAACAAGG	-
2	ANDR_MOUSE.H11MO.1.A	4	0.0019094	1.01389	0.0760217	7	AACAAAG	AAAGAACACAGT	-
2	FOXO1_MOUSE.H11MO.0.A	3	0.00251775	1.33692	0.0965301	7	AACAAAG	GTAAACAGGC	-
2	FOXP2_MOUSE.H11MO.0.A	4	0.0029392	1.56071	0.107858	5	AACAAAG	AGTAAACAA	-
2	DMRT1_MOUSE.H11MO.0.C	4	0.00302161	1.60447	0.107858	7	AACAAAG	TTGATACAATGTAGCAA	+
2	SOX17_MOUSE.H11MO.0.D	2	0.00323737	1.71904	0.111708	7	AACAAAG	AAAACAATGGC	-
2	FOXF1_MOUSE.H11MO.0.D	6	0.00348366	1.84982	0.116329	5	AACAAAG	AAAATAAACAT	-
2	FOXK1_MOUSE.H11MO.0.A	5	0.00403002	2.13994	0.130368	6	AACAAAG	ATGTAAACAAG	-
2	FOXA3_MOUSE.H11MO.0.A	7	0.00572331	3.03908	0.179534	6	AACAAAG	CAAAGTAAACAAG	-
2	FOXL2_MOUSE.H11MO.0.C	7	0.00618036	3.28177	0.188169	4	AACAAAG	AAATGTAAACA	-
2	TCF7_MOUSE.H11MO.0.A	4	0.00898477	4.77091	0.265738	7	AACAAAG	AAAGATCAAAGGAAAC	+
2	DMRTB_MOUSE.H11MO.0.C	3	0.00963253	5.11487	0.276982	7	AACAAAG	GGATACAATGTAGCAA	-
2	FOXJ2_MOUSE.H11MO.0.C	2	0.0125263	6.65149	0.350459	7	AACAAAG	TAAATAAACA	-
2	FOXD3_MOUSE.H11MO.0.C	9	0.0132213	7.02053	0.3546	6	AACAAAG	TGCTAAGTAAACAAA	-
2	FOXA1_MOUSE.H11MO.0.A	6	0.0133595	7.09387	0.3546	4	AACAAAG	TATGTAAACA	-
2	LEF1_MOUSE.H11MO.0.B	5	0.0145886	7.74653	0.377543	7	AACAAAG	AGCAAATCAAAGGA	-
2	TF7L2_MOUSE.H11MO.0.A	4	0.0169334	8.99164	0.427538	7	AACAAAG	CCACATCAAAGGG	-
2	ANDR_MOUSE.H11MO.0.A	3	0.0188387	10.0034	0.450404	7	AACAAAG	AGGAACAGAGTGTTCC	-
2	FOXF2_MOUSE.H11MO.0.D	7	0.0190133	10.096	0.450404	4	AACAAAG	AAAAGTAAACA	-
2	FOXI1_MOUSE.H11MO.0.B	5	0.0192944	10.2453	0.450404	7	AACAAAG	AACCAATCAGAG	-
2	PRGR_MOUSE.H11MO.0.A	2	0.0195795	10.3967	0.450404	7	AACAAAG	AGAACAGAATGTTCT	+
2	BRCA1_MOUSE.H11MO.0.D	1	0.0205507	10.9124	0.462469	7	AACAAAG	CAACCCAAA	-
2	CUX2_MOUSE.H11MO.0.C	2	0.0215181	11.4261	0.464064	7	AACAAAG	AAATCAATGAA	+
2	HNF6_MOUSE.H11MO.0.A	2	0.0215181	11.4261	0.464064	7	AACAAAG	AAATCAATAAA	-
2	PRGR_MOUSE.H11MO.1.A	3	0.0220112	11.688	0.46501	5	AACAAAG	AAGAACAG	+
2	TF7L1_MOUSE.H11MO.0.A	2	0.0228773	12.1478	0.47364	7	AACAAAG	ACATCAAAGGC	-
3	KLF1_MOUSE.H11MO.0.A	5	7.17975e-07	0.000381245	0.000746838	7	CCCCTCC	CCCGGCCCCACCCT	-
3	KLF5_MOUSE.H11MO.0.A	1	6.26835e-06	0.00332849	0.00326017	7	CCCCTCC	GCCCCACCCTGCCCC	-
3	KLF3_MOUSE.H11MO.0.A	5	3.01705e-05	0.0160205	0.00912849	7	CCCCTCC	CCCGGCCCCGCCCCTCCCC	-
3	KLF6_MOUSE.H11MO.0.B	7	3.53409e-05	0.018766	0.00912849	7	CCCCTCC	CCCCCGGCCCCGCCCTTCC	-
3	MAZ_MOUSE.H11MO.1.A	1	4.92895e-05	0.0261727	0.00912849	7	CCCCTCC	CCCCCTCCCTC	-
3	EGR2_MOUSE.H11MO.0.A	1	5.26542e-05	0.0279594	0.00912849	7	CCCCTCC	CCCCCGCCCACGCC	-
3	KLF15_MOUSE.H11MO.0.A	10	8.55611e-05	0.045433	0.0116718	7	CCCCTCC	CCCCCCCCTGCTCCTCCCC	-
3	EGR1_MOUSE.H11MO.0.A	0	8.97656e-05	0.0476655	0.0116718	7	CCCCTCC	CCCCGCCCCCGCAC	-
3	KLF4_MOUSE.H11MO.0.A	1	0.000129908	0.0689811	0.0150145	7	CCCCTCC	GCCACACCCACTCCA	-
3	SP1_MOUSE.H11MO.1.A	1	0.000163008	0.0865574	0.0159503	7	CCCCTCC	GCCCCGCCCCC	-
3	EGR2_MOUSE.H11MO.1.A	4	0.000173204	0.0919711	0.0159503	7	CCCCTCC	CCCCCCCCTCCCACGCCC	-
3	SP4_MOUSE.H11MO.1.B	3	0.000184007	0.0977076	0.0159503	7	CCCCTCC	CGGCCCCGCCCCCTCC	-
3	SP5_MOUSE.H11MO.1.C	0	0.000228168	0.121157	0.0174379	7	CCCCTCC	CTCCTCCCCCTCC	-
3	ZN281_MOUSE.H11MO.0.A	0	0.000234696	0.124623	0.0174379	7	CCCCTCC	CCCCTCCCCCACCCC	-
3	ZN148_MOUSE.H11MO.0.D	0	0.000404666	0.214878	0.0265537	7	CCCCTCC	CCCCTCCCCCACCCC	-
3	SP3_MOUSE.H11MO.0.B	6	0.00040844	0.216881	0.0265537	7	CCCCTCC	CCCCGGCCCCGCCCCCCCCC	-
3	ZBT17_MOUSE.H11MO.0.A	3	0.000472337	0.250811	0.0289015	7	CCCCTCC	CCGCCCCTCCCCCACCCCC	-
3	SALL1_MOUSE.H11MO.0.D	5	0.000548799	0.291412	0.0317145	7	CCCCTCC	CCCTGCCCCACCCTCCC	-
3	SP5_MOUSE.H11MO.0.C	0	0.000586468	0.311415	0.0321076	7	CCCCTCC	CTCCTCCCCCTCCCCCTCCCCCCC	-
3	WT1_MOUSE.H11MO.0.B	6	0.000946369	0.502522	0.0468699	7	CCCCTCC	CCCCCCCTCCTCCCCCGCCC	-
3	SALL4_MOUSE.H11MO.0.A	-1	0.000991097	0.526273	0.0468699	6	CCCCTCC	CCCACCCTCC	-
3	WT1_MOUSE.H11MO.1.A	1	0.00103719	0.55075	0.0468699	7	CCCCTCC	CCTCCTCCCAC	-
3	SP2_MOUSE.H11MO.1.C	1	0.00104065	0.552585	0.0468699	7	CCCCTCC	GCCCCGCCCCCT	-
3	MAZ_MOUSE.H11MO.0.A	12	0.0010814	0.574225	0.0468699	7	CCCCTCC	CCCCCCCCCCCCCCCCTCCCCC	-
3	SP1_MOUSE.H11MO.0.A	5	0.00121642	0.645919	0.0506128	7	CCCCTCC	CCCGGCCCCGCCCCCTCCCCCCCC	-
3	EGR4_MOUSE.H11MO.0.D	1	0.00242414	1.28722	0.0969844	7	CCCCTCC	GCCCTGCCGCC	-
3	SP4_MOUSE.H11MO.0.B	5	0.00288505	1.53196	0.111149	7	CCCCTCC	CCCGGCCCCGCCCCCTTCCC	-
3	ZIC1_MOUSE.H11MO.0.B	0	0.00614427	3.26261	0.227363	7	CCCCTCC	GACCACCCC	-
3	SNAI1_MOUSE.H11MO.0.C	-2	0.0063387	3.36585	0.227363	5	CCCCTCC	CCACCTGG	-
3	PRDM5_MOUSE.H11MO.1.A	-1	0.00828016	4.39676	0.287101	6	CCCCTCC	TTCTCCAGG	-
3	HTF4_MOUSE.H11MO.0.A	-1	0.00857836	4.55511	0.287846	6	CCCCTCC	CCCACCTGCT	-
3	PURA_MOUSE.H11MO.0.D	10	0.010646	5.65303	0.346062	7	CCCCTCC	CCCTGCCCCCCCCTTCC	-
3	PRDM5_MOUSE.H11MO.0.A	5	0.012736	6.76282	0.401455	7	CCCCTCC	ACCCTGCTCTCCAGG	-
3	TBX5_MOUSE.H11MO.0.D	0	0.0141678	7.52312	0.41369	7	CCCCTCC	TCACACCT	-
3	SP2_MOUSE.H11MO.0.B	7	0.0142368	7.55977	0.41369	7	CCCCTCC	CCCCCGGCCCCGCCCCCCCCCC	-
3	TBX3_MOUSE.H11MO.0.B	0	0.014715	7.81366	0.41369	7	CCCCTCC	TAGCACCTT	-
3	ITF2_MOUSE.H11MO.0.B	-1	0.014715	7.81366	0.41369	6	CCCCTCC	TGCACCTGG	-
3	SNAI2_MOUSE.H11MO.0.A	0	0.0173303	9.20238	0.474394	7	CCCCTCC	ATGCACCTGCC	-
3	ZEB1_MOUSE.H11MO.0.B	-1	0.018762	9.96263	0.499329	6	CCCCTCC	CTCACCTGTC	-
3	RREB1_MOUSE.H11MO.0.D	12	0.0192013	10.1959	0.499329	7	CCCCTCC	ACCCCAAACCACCCCCCCCCCC	-

# Tomtom (Motif Comparison Tool): Version 5.4.1 compiled on Feb 25 2022 at 10:50:30
# The format of this file is described at https://meme-suite.org/meme/doc/tomtom-output-format.html.
# tomtom combined.meme /Users/cmdb/Downloads/motif_databases/MOUSE/HOCOMOCOv11_full_MOUSE_mono_meme_format.meme
